<ImportExportXml xmlns:xsi="http://www.w3.org/2001/XMLSchema-instance">
  <Entities></Entities>
  <Roles></Roles>
  <Workflows></Workflows>
  <FieldSecurityProfiles></FieldSecurityProfiles>
  <Templates />
  <EntityMaps />
  <EntityRelationships />
  <OrganizationSettings />
  <optionsets />
  <CustomControls />
  <SolutionPluginAssemblies>
    <PluginAssembly FullName="CalculateRollupFields, Version=1.0.0.0, Culture=neutral, PublicKeyToken=b7bddfd3434de107" PluginAssemblyId="0ea79904-9cc2-4aff-b134-8e407b1f27ad" CustomizationLevel="1">
      <IsolationMode>2</IsolationMode>
      <SourceType>0</SourceType>
      <IntroducedVersion>1.0</IntroducedVersion>
      <FileName>/PluginAssemblies/CalculateRollupFields-0EA79904-9CC2-4AFF-B134-8E407B1F27AD/CalculateRollupFields.dll</FileName>
      <PluginTypes>
        <PluginType AssemblyQualifiedName="CalculateRollupFields.CalculateRollupFields, CalculateRollupFields, Version=1.0.0.0, Culture=neutral, PublicKeyToken=b7bddfd3434de107" PluginTypeId="79c0fa20-d850-4421-8d73-7c61e1849805" Name="CalculateRollupFields.CalculateRollupFields">
          <FriendlyName>7c0528d0-a824-4a68-8eb9-2583c59ff4bd</FriendlyName>
          <WorkflowActivityGroupName>CalculateRollupFields (1.0.0.0)</WorkflowActivityGroupName>
        </PluginType>
      </PluginTypes>
    </PluginAssembly>
  </SolutionPluginAssemblies>
  <EntityDataProviders />
  <Languages>
    <Language>1033</Language>
  </Languages>
</ImportExportXml>